question,answer
What is AI?,AI stands for Artificial Intelligence. It is the simulation of human intelligence by machines.
What is Machine Learning?,Machine Learning is a subset of AI that allows computers to learn from data without being explicitly programmed.
What is Deep Learning?,Deep Learning is a type of Machine Learning that uses neural networks with many layers to process information.
Who is Alan Turing?,Alan Turing was a mathematician and computer scientist known as the father of AI and modern computer science.
What is Python?,"Python is a high-level interpreted programming language widely used in AI,data science, and web development."
What is Data Science?,Data Science is the field of extracting knowledge and insights from structured and unstructured data.
What is a Neural Network?,A Neural Network is a set of algorithms modeled after the human brain that is designed to recognize patterns.
What is Natural Language Processing?,Natural Language Processing (NLP) is a branch of AI that deals with the interaction between computers and human language.
How can I reset my password?,Click on 'Forgot Password' on the login page and follow the instructions.
What is Computer Vision?,Computer Vision is a field of AI that enables computers to interpret and process visual information from the world.
What is Cloud Computing?,Cloud Computing is the delivery of computing services like storage and databases over the internet.
What is Big Data?,Big Data refers to large and complex datasets that cannot be handled by traditional data processing software.
What is an Algorithm?,An Algorithm is a step-by-step procedure or formula for solving a problem.
What is Cybersecurity?,"Cybersecurity is the practice of protecting systems, networks, and data from digital attacks."
What is the Internet of Things?,The Internet of Things (IoT) refers to interconnected physical devices that can communicate and exchange data over the internet.
What is Blockchain?,Blockchain is a decentralized digital ledger technology that records transactions securely and transparently.
What is Cryptocurrency?,"Cryptocurrency is a digital or virtual currency that uses cryptography for security, like Bitcoin."
What is Cloud Storage?,Cloud Storage allows data to be stored on the internet through a cloud computing provider.
What is SQL?,SQL (Structured Query Language) is a language used to manage and query relational databases.
What is GitHub?,"GitHub is a platform for version control and collaboration, allowing developers to host and review code."